{"X": [0.0, -29.137638499869354, -57.335287234853155, -83.37266671415355, -106.67479036360496, -127.14682025628818, -140.17559458454102, -150.32205401636898, -167.1557495364364, -172.20619513136242, -171.83090375879846, -168.00688670294764, -158.75693999999748, -151.3493835634457, -129.46768253680415, -117.5108564247434, -107.74775901373354, -99.26333688190138, -87.90235920076427, -73.95712750402183, -57.379762174890914, -42.00021046839976, -25.136707554745385, -5.121008395719684, 17.01095068752562, 40.32834922219473, 59.44000467858609, 79.05521923210881, 98.38846504286357, 120.65978161523861, 142.80658096831922, 166.0133950629965, 187.00726237002027, 208.1817407412642, 230.38487500224414, 250.87943772264907, 275.89712448747025, 294.44324937609895, 315.2355422150796, 330.0911425128447, 340.8076234926192, 355.24118518090745, 367.3500527209918, 380.04577426870117, 394.4026266655633, 409.1386001336723, 425.33827339493325, 449.19811232203824, 470.2009388458945, 492.25579179474914, 506.6102526339862, 517.1152848756536, 527.2964125614965, 534.0351324363695, 539.2446682127969, 542.8701923659664, 544.6907183642953, 543.6054354490783, 538.522375908447, 530.1044047394432, 518.7688950420566, 503.651048920285, 484.5690793571247, 466.3532924965833, 446.44171618214807, 423.9847015490386, 400.941166256463, 376.73784525555857, 347.83377276942406, 320.0579689452916, 294.7516328268298, 273.13129127582374, 255.11770742638316, 233.41136958537163, 214.5376561056862, 204.43860229305938, 172.07232808433628, 159.5111197885392, 145.84535000504667, 126.19866587824214, 91.30515900201198, 58.19798051709887], "Y": [0.0, -34.67946926531067, -70.01375996320917, -105.23576934127391, -141.66430280346464, -179.50586056848988, -207.9291292300706, -232.429228529954, -295.21232149942966, -323.0947732651552, -347.67791724532134, -369.20600889247436, -393.74347999764166, -408.3500273255589, -444.66758337580916, -461.00686190528506, -473.22881880921506, -482.56342872390974, -493.6841014018946, -504.4461215036508, -515.8485631435537, -523.7009128826545, -531.6808424415863, -537.6380182206552, -542.3473074285986, -543.4353410834227, -541.1698903678997, -537.7087929915116, -531.6877732280117, -522.7247880374963, -512.2842056271537, -497.8360413906412, -482.5975553438842, -463.777822217869, -441.4922337427115, -417.18299091251436, -384.39886877673837, -362.85047029160296, -335.787990195875, -317.37249352435384, -302.80934961350414, -283.5790262512155, -268.28861540948196, -250.56479733368081, -231.5797400506073, -212.1727845807975, -191.92754223665725, -163.2314674195153, -138.47312160714114, -110.98709934886278, -90.69302834678035, -72.8659702264797, -52.13380026094569, -33.15926750806523, -13.20134194093987, 8.135163285565113, 31.58399870107928, 54.43640203784162, 80.93950176736473, 110.45173746600062, 136.0294865813138, 160.44348352048416, 184.08448697154347, 200.72532824916073, 216.00617881248672, 228.98005802311513, 236.53887937411605, 239.41304479710232, 240.29759797579527, 238.47036914289447, 232.73586913821657, 225.95267088651622, 219.42288651744627, 210.00219184538128, 201.72625367131536, 195.6056200239667, 175.52079676983124, 166.6325937330903, 156.94729623906198, 140.30469933882193, 106.40709397516673, 69.293764352935], "X_i": [6.890670059048714, -22.103047228457548, -50.09806737780189, -75.79107737811836, -98.75893152093059, -118.96539416508767, -131.8604611436844, -141.62910303121336, -158.29985509327267, -163.20724370496947, -162.96961434547435, -159.58539738640815, -150.73014859508947, -143.64049777424432, -122.20467577823251, -110.47897838787077, -101.0877348422812, -92.96775948178085, -82.40376051262523, -68.85669673191566, -53.287197028524915, -38.150603631508616, -22.56937672108898, -3.247901944716326, 17.430451161105427, 39.26892747286329, 57.87611680687115, 76.37909484369374, 95.02835652605957, 116.82202403936283, 138.04987791642543, 160.72660984487956, 181.02834728229726, 201.80599586496535, 223.50396966765206, 243.72468970612715, 269.0757277874528, 287.30644857873966, 308.2306415311086, 322.84225252702964, 333.6095678131839, 348.18566187949733, 360.0334579926712, 372.8672581154499, 387.2347988822607, 402.11137001564117, 418.4179340792407, 442.33494828506485, 463.1813536923695, 484.9080711701865, 498.8563687287376, 509.0368185639046, 518.8153831669543, 525.3269096278187, 530.3718500683386, 533.8971949785392, 535.7008504957341, 534.7665317959503, 529.8675692587824, 521.8762396654831, 511.11712868986575, 496.64774154547604, 478.49885774113915, 460.87395200152923, 441.939552067653, 421.1795513404654, 399.87986534083245, 376.4625465649972, 348.42456000324904, 322.0469714392643, 297.4458186096048, 276.1984271587804, 258.7008537649393, 237.02558819042125, 219.2023687485266, 209.18408543016076, 177.27085385969067, 164.71519963703338, 151.66259353902933, 132.4698375319083, 98.021269477898, 6.890670059048714], "Y_i": [-5.789530735502627, -40.29324924355856, -75.36377386419137, -110.08546037676446, -145.94672954339308, -183.2560961763182, -211.37275462502112, -234.76002306609013, -296.8164205024659, -322.95739340702266, -346.1038937596928, -366.03134076943985, -389.672777387269, -403.70534435585597, -439.35262967658065, -455.3896836746653, -467.17538358319086, -476.13181110474954, -486.55911631652106, -497.03089352745525, -507.8328965759656, -515.5657713841088, -523.0547881645394, -528.8350941483251, -533.357089447222, -534.4979127308683, -532.306806552167, -529.1158680961264, -523.3385414815992, -514.5840499389693, -504.643932328632, -490.55250502034, -475.8705519713714, -457.4256668929144, -435.6911009415784, -411.72317582223195, -378.5278767770001, -357.36721629613527, -330.13720561250057, -312.0383024916339, -297.4067581579386, -277.99157683817754, -263.0476764114101, -245.13627029243744, -226.13710788694644, -206.54979277320643, -186.1735085423103, -157.40935617001182, -132.84058893769205, -105.78988840227072, -86.12386164114059, -68.898807254035, -49.12180085707591, -30.88619568415919, -11.693662208578955, 8.831810890330187, 31.157061111013526, 52.741178686563, 78.47083373441234, 106.80519122117357, 131.29129370939725, 154.7907243876406, 177.43975902129432, 193.58552238770622, 208.21320003116358, 220.4283837830998, 227.6016739738535, 230.41725630298046, 231.31700944027327, 229.69290543867044, 224.1485900017326, 217.491425264536, 211.1669152047241, 201.75977570234937, 194.02947148914825, 187.95837282020204, 168.17400633025997, 159.28973646016877, 150.08000582243207, 133.84928253661204, 100.41594549798025, -5.789530735502627],