{"X": [304.052983303185, 274.91534480331563, 246.71769606833183, 220.68031658903143, 197.37819293958003, 176.9061630468968, 163.87738871864397, 153.730929286816, 136.8972337667486, 131.84678817182257, 132.22207954438653, 136.04609660023735, 145.2960433031875, 152.70359973973927, 152.70359973973927, 152.70359973973927, 174.58530076638084, 186.5421268784416, 196.30522428945144, 204.7896464212836, 216.15062410242072, 230.09585579916316, 246.67322112829407, 262.05277283478523, 278.9162757484396, 298.9319749074653, 321.0639339907106, 344.3813325253797, 363.4929879817711, 383.1082025352938, 402.44144834604856, 424.7127649184236, 446.8595642715042, 470.0663783661815, 491.06024567320526, 512.2347240444492, 534.4378583054291, 554.9324210258341, 554.9324210258341, 579.9501077906552, 598.4962326792839, 619.2885255182646, 634.1441258160297, 644.8606067958042, 659.2941684840924, 671.4030360241768, 684.0987575718862, 698.4556099687483, 713.1915834368573, 729.3912566981182, 753.2510956252232, 774.2539221490795, 796.3087750979341, 810.6632359371712, 821.1682681788386, 831.3493958646815, 838.0881157395545, 843.2976515159819, 846.9231756691514, 848.7437016674803, 847.6584187522633, 842.575359211632, 834.1573880426282, 822.8218783452415, 807.70403222347, 788.6220626603097, 770.4062757997683, 750.4946994853331, 728.0376848522236, 704.994149559648, 680.7908285587436, 651.886756072609, 624.1109522484766, 598.8046161300148, 577.1842745790087, 559.1706907295682, 537.4643528885566, 518.5906394088712, 508.49158559624436, 476.12531138752126, 463.5641030917242, 449.89833330823166, 430.2516491814271, 395.35814230519696, 362.25096382028386, 362.25096382028386, 303.81642111234424], "Y": [639.7405322002571, 605.0610629349464, 569.726772237048, 534.5047628589832, 498.0762293967925, 460.23467163176724, 431.8114029701865, 407.3113036703031, 344.52821070082746, 316.6457589351019, 292.0626149549358, 270.53452330778276, 245.99705220261544, 231.3905048746982, 231.3905048746982, 231.3905048746982, 195.072948824448, 178.7336702949721, 166.51171339104206, 157.17710347634738, 146.0564307983625, 135.29441069660635, 123.89196905670342, 116.0396193176026, 108.05968975867091, 102.10251397960185, 97.39322477165855, 96.30519111683441, 98.57064183235741, 102.03173920874555, 108.05275897224544, 117.01574416276083, 127.45632657310341, 141.90449080961596, 157.1429768563729, 175.9627099823881, 198.24829845754562, 222.55754128774277, 222.55754128774277, 255.34166342351872, 276.89006190865416, 303.9525420043821, 322.3680386759033, 336.931182586753, 356.1615059490416, 371.45191679077516, 389.1757348665763, 408.1607921496498, 427.5677476194596, 447.8129899635999, 476.5090647807418, 501.267410593116, 528.7534328513943, 549.0475038534768, 566.8745619737774, 587.6067319393114, 606.5812646921919, 626.5391902593173, 647.8756954858222, 671.3245309013364, 694.1769342380987, 720.6800339676219, 750.1922696662577, 775.7700187815709, 800.1840157207413, 823.8250191718006, 840.4658604494178, 855.7467110127438, 868.7205902233723, 876.2794115743732, 879.1535769973594, 880.0381301760524, 878.2109013431516, 872.4764013384737, 865.6932030867733, 859.1634187177034, 849.7427240456384, 841.4667858715725, 835.3461522242238, 815.2613289700884, 806.3731259333474, 796.6878284393191, 780.045231539079, 746.1476261754239, 709.0342965531921, 709.0342965531921, 639.3830710001811]}