{"X": [0.0, -0.6776194999969617, -1.3333787729035618, -1.9388992259105478, -2.480809078223371, -2.9569027966578645, -3.259897548477698, -3.4958617213109067, -3.887343012475265, -4.00479523561308, -3.9960675292743826, -3.90713690006855, -3.692021860465058, -3.5197531061266445, -3.010876338065213, -2.732810614528916, -2.505761837528687, -2.308449694927939, -2.0442409116456806, -1.7199331977679495, -1.3344130738346724, -0.9767490806604595, -0.5845745942964043, -0.11909321850510894, 0.39560350436106095, 0.9378685865626681, 1.3823256901996765, 1.8384934705141585, 2.2881038382061294, 2.806041432912526, 3.3210832783330053, 3.8607766293720114, 4.349006101628379, 4.841435831192191, 5.357787790749864, 5.834405528433699, 6.416212197383029, 6.847517427351138, 7.33105912128092, 7.676538197973133, 7.925758685874865, 8.261422911183894, 8.543024481883531, 8.838273820202353, 9.172154108501472, 9.514851165899355, 9.89158775337054, 10.446467728419494, 10.934905554555685, 11.447809111505794, 11.781633782185725, 12.02593685757334, 12.262707268872012, 12.419421684566732, 12.54057367936737, 12.624888194557359, 12.667226008471983, 12.641986870908797, 12.523776183917372, 12.32800941254519, 12.064392907954803, 11.712815091169418, 11.269048357142434, 10.845425406897286, 10.382365492608095, 9.860109338349735, 9.324213168754953, 8.761345238501361, 8.089157506265675, 7.44320858012306, 6.85468913550767, 6.351890494786598, 5.932969940148445, 5.4281713857063165, 4.989247816411307, 4.75438609983859, 4.0016820484729365, 3.709560925314865, 3.39175232569876, 2.9348526948428404, 2.1233757907444644, 1.3534414073743923], "Y": [0.0, -0.8064992852397831, -1.6282269758885852, -2.4473434730528814, -3.294518669848015, -4.174554896941625, -4.835561144885363, -5.405330896045442, -6.865402825568132, -7.513831936398958, -8.08553295919352, -8.586186253313357, -9.156825116224224, -9.49651226338509, -10.341106590135096, -10.721089811750815, -11.005321367656164, -11.222405319160691, -11.481025613997549, -11.731305151247692, -11.996478212640785, -12.179090997271034, -12.364670754455494, -12.50320972606175, -12.61272807973485, -12.638031187986575, -12.585346287625574, -12.504855650965386, -12.364831935535156, -12.156390419476658, -11.913586177375668, -11.577582357921887, -11.223198961485679, -10.785530749252768, -10.2672612498305, -9.701930021221264, -8.939508576203218, -8.438383030037278, -7.809023027811047, -7.380755663357066, -7.042077897988468, -6.594861075609663, -6.239270125801906, -5.827088310085601, -5.385575350014124, -4.934250804204593, -4.463431214805983, -3.796080637663146, -3.220305153654445, -2.5810953336944835, -2.109140194111171, -1.694557447127435, -1.2124139595568766, -0.7711457560015169, -0.3070079521148807, 0.18918984385035148, 0.7345115976995181, 1.26596283808934, 1.8823139945898775, 2.5686450573488515, 3.1634764321235767, 3.7312438028019574, 4.281034580733569, 4.668030889515365, 5.023399507267133, 5.325117628444538, 5.5009041714910705, 5.5677452278395885, 5.588316231995239, 5.545822538206848, 5.41246207298178, 5.25471327643061, 5.1028578259871225, 4.88377190338096, 4.6913082249143105, 4.548967907534109, 4.081878994647238, 3.8751765984439603, 3.6499371218386507, 3.262899984623766, 2.474583580817831, 1.611482891928721], "X_i": [0.16024814090810963, -0.5140243541501756, -1.165071334367486, -1.762583194839962, -2.2967193376960604, -2.76663707360669, -3.066522352178707, -3.293700070493334, -3.6813919789133176, -3.795517295464407, -3.789991031290101, -3.711288311311818, -3.5053522929090577, -3.3404766924242866, -2.8419692041449425, -2.569278567159785, -2.350877554471656, -2.16204091818095, -1.9163665235494234, -1.6013185286492015, -1.2392371401982543, -0.8872233402676422, -0.5248692260718365, -0.07553260336549607, 0.40535932932803354, 0.9132308714619365, 1.3459562048109572, 1.7762580196207847, 2.2099617796758038, 2.716791256729368, 3.2104622771261724, 3.7378281359274315, 4.209961564704588, 4.693162694534078, 5.197766736457025, 5.668016039677375, 6.257575064824484, 6.681545315784644, 7.168154454211827, 7.507959361093713, 7.758362042167068, 8.097340973941797, 8.372871116108632, 8.67133158408023, 9.005460439122341, 9.351427209666072, 9.730649629749784, 10.286859262443368, 10.771659388194639, 11.276931887678755, 11.601310900668317, 11.838065547997783, 12.065474027138473, 12.21690487506555, 12.334229071356711, 12.416213836710215, 12.458159313854281, 12.436430971998844, 12.322501610669358, 12.136656736406582, 11.88644485325269, 11.549947477801767, 11.127880412584632, 10.717998883756493, 10.277664001573326, 9.794873286987569, 9.299531752112381, 8.754942943372026, 8.102896744261605, 7.489464452075914, 6.917344618828019, 6.4232192362507075, 6.01629892476603, 5.512222981172587, 5.097729505779688, 4.864746172794436, 4.122577996736992, 3.8305860380705443, 3.5270370590471933, 3.080693896090891, 2.279564406462744, 0.16024814090810963], "Y_i": [-0.1346402496628518, -0.9370523079897339, -1.752645903818404, -2.56012698550615, -3.394109989381234, -4.261769678519028, -4.91564545639584, -5.459535420141631, -6.902707453545719, -7.510637055977271, -8.048927761853323, -8.512356762079998, -9.062157613657417, -9.388496380368743, -10.217503015734433, -10.590457759875937, -10.864543804260252, -11.072832816389525, -11.315328286430722, -11.558857989010587, -11.810067362231758, -11.989901660095551, -12.1640648410358, -12.298490561588956, -12.40365324295865, -12.430184016996938, -12.379228059352721, -12.30502018828201, -12.170663755386029, -11.967070928813241, -11.735905402991442, -11.408197791170696, -11.066757022590032, -10.637806206811964, -10.13235118468787, -9.574957577261207, -8.802973878534885, -8.310865495258959, -7.6776094328488504, -7.2567047091077646, -6.916436236231131, -6.464920391585523, -6.117387823521165, -5.700843495172964, -5.259002508998755, -4.8034835528652655, -4.3296164777281465, -3.6606827016281813, -3.0893160218067917, -2.4602299628435054, -2.0028805032823396, -1.602297843117093, -1.1423674617924635, -0.7182836205618415, -0.27194563275764994, 0.20539095093791102, 0.7245828165351982, 1.2265390392223958, 1.8249031101026123, 2.483841656306362, 3.0532859002185404, 3.599784288084666, 4.1265060237510305, 4.501988892737353, 4.8421674425851995, 5.126241483327902, 5.293062185438454, 5.3585408442553595, 5.379465335820308, 5.341695475317917, 5.2127579070170365, 5.057940122431069, 4.9108584931331185, 4.69208780703138, 4.512313290445308, 4.371124949307024, 3.9110234030293016, 3.7044124758178785, 3.4902326935449315, 3.11277401247935, 2.335254546464657, -0.1346402496628518],